Sl. No.,Observed (A),Corrected (A),Wave number (cm^-1),Delta Wave number (cm^-1)
1,6200,6231.1,16048.5,0.0
2,6170,6200.3,16128.4,79.9
3,6130,6159.1,16236.1,107.8
4,6090,6118.0,16345.3,109.2
5,6050,6076.8,16456.0,110.7
6,6010,6035.7,16568.2,112.2
7,5980,6004.8,16653.3,85.2
8,5930,5953.4,16797.2,143.9
9,5890,5912.2,16914.1,116.9
10,5860,5881.4,17002.9,88.8
11,5810,5829.9,17152.9,150.0
12,5780,5799.1,17244.2,91.3
13,5750,5768.2,17336.4,92.3
14,5730,5747.6,17398.5,62.1
15,5690,5706.5,17524.0,125.5
16,5660,5675.6,17619.3,95.3
17,5630,5644.7,17715.6,96.3
18,5600,5613.9,17813.0,97.4
19,5570,5583.0,17911.4,98.5
20,5540,5552.2,18011.0,99.6
