Sl. No.,Observed (A),Corrected (A),Lit. Match (A),% Error
1,6670,6714.6,,
2,6540,6580.9,,
3,6360,6395.7,,
4,5880,5901.9,,
5,5780,5799.1,5782.0,0.29
6,5690,5706.5,5700.0,0.11
7,5300,5305.3,,
8,5220,5223.0,5218.0,0.1
9,5150,5151.0,5153.0,0.04
10,5100,5099.5,5105.0,0.11
11,4810,4801.2,,
12,4730,4718.9,,
13,4710,4698.3,,
14,4650,4636.6,4651.0,0.31
15,4590,4574.9,,
16,4540,4523.4,,
17,4520,4502.9,,
18,4490,4472.0,,
19,4420,4400.0,,
20,4390,4369.1,,
21,4290,4266.3,4275.0,0.2
22,4260,4235.4,,
23,4190,4163.4,,
24,4080,4050.2,4062.0,0.29
